<metadata xml:lang="de"><Esri><CreaDate>20210127</CreaDate><CreaTime>11122100</CreaTime><ArcGISFormat>1.0</ArcGISFormat><SyncOnce>FALSE</SyncOnce><DataProperties><lineage><Process ToolSource="c:\program files\arcgis\pro\Resources\ArcToolbox\toolboxes\Conversion Tools.tbx\FeatureClassToFeatureClass" Date="20210127" Time="111221">FeatureClassToFeatureClass Fläche_Gemeinden_RLP_202020101 U:\R23\S231\Karten\ArcGIS\Geodaten.gdb Wahlkreise_LTW_2021_offiziell_exakt # "ARS "ARS" true true false 12 Text 0 0,First,#,Fläche_Gemeinden_RLP_202020101,Fläche_Gemeinden_RLP_202020101.ARS,0,12;RS "RS" true true false 12 Text 0 0,First,#,Fläche_Gemeinden_RLP_202020101,Fläche_Gemeinden_RLP_202020101.RS,0,12;Shape_Length "Shape_Length" false true true 8 Double 0 0,First,#,Fläche_Gemeinden_RLP_202020101,Fläche_Gemeinden_RLP_202020101.Shape_Length,-1,-1;Shape_Area "Shape_Area" false true true 8 Double 0 0,First,#,Fläche_Gemeinden_RLP_202020101,Fläche_Gemeinden_RLP_202020101.Shape_Area,-1,-1;AGS "AGS" true true false 8 Double 0 0,First,#,Fläche_Gemeinden_RLP_202020101,Fläche_Gemeinden_RLP_202020101.AGS,-1,-1;Schlüssel "Schlüssel" true true false 4 Long 0 0,First,#,Fläche_Gemeinden_RLP_202020101,Wahlkreise.csv.Schlüssel,-1,-1;Gemeindeebene "Gemeindeebene" true true false 8000 Text 0 0,First,#,Fläche_Gemeinden_RLP_202020101,Wahlkreise.csv.Gemeindeebene,0,8000;Wahkreis "Wahkreis" true true false 8000 Text 0 0,First,#,Fläche_Gemeinden_RLP_202020101,Wahlkreise.csv.Wahkreis,0,8000;Wahlkreis "Wahlkreis" true true false 8000 Text 0 0,First,#,Fläche_Gemeinden_RLP_202020101,Wahlkreise.csv.Wahlkreis,0,8000;Name "Name" true true false 8000 Text 0 0,First,#,Fläche_Gemeinden_RLP_202020101,Wahlkreise.csv.Name,0,8000;RS_1 "RS" true true false 8 Double 0 0,First,#,Fläche_Gemeinden_RLP_202020101,Wahlkreise.csv.RS,-1,-1" #</Process><Process ToolSource="c:\program files\arcgis\pro\Resources\ArcToolbox\Toolboxes\Data Management Tools.tbx\DeleteField" Date="20210127" Time="111300">DeleteField Wahlkreise_LTW_2021_offiziell_exakt ARS</Process><Process ToolSource="c:\program files\arcgis\pro\Resources\ArcToolbox\Toolboxes\Data Management Tools.tbx\DeleteField" Date="20210127" Time="111308">DeleteField Wahlkreise_LTW_2021_offiziell_exakt AGS</Process><Process ToolSource="c:\program files\arcgis\pro\Resources\ArcToolbox\Toolboxes\Data Management Tools.tbx\DeleteField" Date="20210127" Time="111315">DeleteField Wahlkreise_LTW_2021_offiziell_exakt Schlüssel</Process><Process ToolSource="c:\program files\arcgis\pro\Resources\ArcToolbox\Toolboxes\Data Management Tools.tbx\DeleteField" Date="20210127" Time="111323">DeleteField Wahlkreise_LTW_2021_offiziell_exakt RS_1</Process><Process ToolSource="c:\program files\arcgis\pro\Resources\ArcToolbox\Toolboxes\Data Management Tools.tbx\DeleteField" Date="20210127" Time="111329">DeleteField Wahlkreise_LTW_2021_offiziell_exakt RS</Process><Process ToolSource="c:\program files\arcgis\pro\Resources\ArcToolbox\toolboxes\Data Management Tools.tbx\Dissolve" Date="20210127" Time="111735">Dissolve Wahlkreise_LTW_2021_offiziell_exakt U:\R23\S231\Karten\ArcGIS\Geodaten.gdb\Wahlkreise_LTW_2021_offiziell_exakt_neu_2 Wahlkreis;Wahkreis;Name # MULTI_PART DISSOLVE_LINES</Process><Process ToolSource="c:\program files\arcgis\pro\Resources\ArcToolbox\Toolboxes\Data Management Tools.tbx\DeleteField" Date="20210127" Time="111801">DeleteField Wahlkreise_LTW_2021_offiziell_exakt_neu_2 Wahkreis</Process><Process ToolSource="c:\program files\arcgis\pro\Resources\ArcToolbox\toolboxes\Conversion Tools.tbx\FeatureClassToFeatureClass" Date="20210129" Time="074820">FeatureClassToFeatureClass U:\R23\S231\Karten\ArcGIS\Geodaten.gdb\Wahlkreise_LTW_2021_offiziell_exakt_neu_2 C:\Users\BullenkampK\Desktop Wahlkreise_LTW_2021_offiziell.shp # "Wahlkreis "Wahlkreis" true true false 8000 Text 0 0,First,#,U:\R23\S231\Karten\ArcGIS\Geodaten.gdb\Wahlkreise_LTW_2021_offiziell_exakt_neu_2,Wahlkreis,0,8000;Name "Name" true true false 8000 Text 0 0,First,#,U:\R23\S231\Karten\ArcGIS\Geodaten.gdb\Wahlkreise_LTW_2021_offiziell_exakt_neu_2,Name,0,8000;Shape_Leng "Shape_Length" false true true 8 Double 0 0,First,#,U:\R23\S231\Karten\ArcGIS\Geodaten.gdb\Wahlkreise_LTW_2021_offiziell_exakt_neu_2,Shape_Length,-1,-1;Shape_Area "Shape_Area" false true true 8 Double 0 0,First,#,U:\R23\S231\Karten\ArcGIS\Geodaten.gdb\Wahlkreise_LTW_2021_offiziell_exakt_neu_2,Shape_Area,-1,-1" #</Process></lineage><itemProps><itemName Sync="TRUE">Wahlkreise_LTW_2021_offiziell</itemName><imsContentType Sync="TRUE">002</imsContentType><itemLocation><linkage Sync="TRUE">file://\\FUJITSU037\C$\Users\BullenkampK\Desktop\Wahlkreise_LTW_2021_offiziell.shp</linkage><protocol Sync="TRUE">Local Area Network</protocol></itemLocation><itemSize Sync="TRUE">0.000</itemSize></itemProps><coordRef><type Sync="TRUE">Projected</type><geogcsn Sync="TRUE">GCS_ETRS_1989</geogcsn><csUnits Sync="TRUE">Linear Unit: Meter (1.000000)</csUnits><projcsn Sync="TRUE">ETRS_1989_UTM_Zone_32N</projcsn><peXml Sync="TRUE">&lt;ProjectedCoordinateSystem xsi:type='typens:ProjectedCoordinateSystem' xmlns:xsi='http://www.w3.org/2001/XMLSchema-instance' xmlns:xs='http://www.w3.org/2001/XMLSchema' xmlns:typens='http://www.esri.com/schemas/ArcGIS/2.5.0'&gt;&lt;WKT&gt;PROJCS[&amp;quot;ETRS_1989_UTM_Zone_32N&amp;quot;,GEOGCS[&amp;quot;GCS_ETRS_1989&amp;quot;,DATUM[&amp;quot;D_ETRS_1989&amp;quot;,SPHEROID[&amp;quot;GRS_1980&amp;quot;,6378137.0,298.257222101]],PRIMEM[&amp;quot;Greenwich&amp;quot;,0.0],UNIT[&amp;quot;Degree&amp;quot;,0.0174532925199433]],PROJECTION[&amp;quot;Transverse_Mercator&amp;quot;],PARAMETER[&amp;quot;False_Easting&amp;quot;,500000.0],PARAMETER[&amp;quot;False_Northing&amp;quot;,0.0],PARAMETER[&amp;quot;Central_Meridian&amp;quot;,9.0],PARAMETER[&amp;quot;Scale_Factor&amp;quot;,0.9996],PARAMETER[&amp;quot;Latitude_Of_Origin&amp;quot;,0.0],UNIT[&amp;quot;Meter&amp;quot;,1.0],AUTHORITY[&amp;quot;EPSG&amp;quot;,25832]]&lt;/WKT&gt;&lt;XOrigin&gt;-5120900&lt;/XOrigin&gt;&lt;YOrigin&gt;-9998100&lt;/YOrigin&gt;&lt;XYScale&gt;450445547.3910538&lt;/XYScale&gt;&lt;ZOrigin&gt;-100000&lt;/ZOrigin&gt;&lt;ZScale&gt;10000&lt;/ZScale&gt;&lt;MOrigin&gt;-100000&lt;/MOrigin&gt;&lt;MScale&gt;10000&lt;/MScale&gt;&lt;XYTolerance&gt;0.001&lt;/XYTolerance&gt;&lt;ZTolerance&gt;0.001&lt;/ZTolerance&gt;&lt;MTolerance&gt;0.001&lt;/MTolerance&gt;&lt;HighPrecision&gt;true&lt;/HighPrecision&gt;&lt;WKID&gt;25832&lt;/WKID&gt;&lt;LatestWKID&gt;25832&lt;/LatestWKID&gt;&lt;/ProjectedCoordinateSystem&gt;</peXml></coordRef></DataProperties><SyncDate>20210129</SyncDate><SyncTime>07481900</SyncTime><ModDate>20210129</ModDate><ModTime>07481900</ModTime></Esri><dataIdInfo><envirDesc Sync="TRUE">Microsoft Windows 10 Version 10.0 (Build 18363) ; Esri ArcGIS 12.5.1.22081</envirDesc><dataLang><languageCode value="deu" Sync="TRUE"></languageCode><countryCode value="DEU" Sync="TRUE"></countryCode></dataLang><idCitation><resTitle Sync="TRUE">Wahlkreise_LTW_2021_offiziell</resTitle><presForm><PresFormCd value="005" Sync="TRUE"></PresFormCd></presForm></idCitation><spatRpType><SpatRepTypCd value="001" Sync="TRUE"></SpatRepTypCd></spatRpType></dataIdInfo><mdLang><languageCode value="deu" Sync="TRUE"></languageCode><countryCode value="DEU" Sync="TRUE"></countryCode></mdLang><distInfo><distFormat><formatName Sync="TRUE">Shapefile</formatName></distFormat><distTranOps><transSize Sync="TRUE">0.000</transSize></distTranOps></distInfo><mdHrLv><ScopeCd value="005" Sync="TRUE"></ScopeCd></mdHrLv><mdHrLvName Sync="TRUE">dataset</mdHrLvName><refSysInfo><RefSystem><refSysID><identCode code="25832" Sync="TRUE"></identCode><idCodeSpace Sync="TRUE">EPSG</idCodeSpace><idVersion Sync="TRUE">5.1(4.0.0)</idVersion></refSysID></RefSystem></refSysInfo><spatRepInfo><VectSpatRep><geometObjs Name="Wahlkreise_LTW_2021_offiziell"><geoObjTyp><GeoObjTypCd value="002" Sync="TRUE"></GeoObjTypCd></geoObjTyp><geoObjCnt Sync="TRUE">0</geoObjCnt></geometObjs><topLvl><TopoLevCd value="001" Sync="TRUE"></TopoLevCd></topLvl></VectSpatRep></spatRepInfo><spdoinfo><ptvctinf><esriterm Name="Wahlkreise_LTW_2021_offiziell"><efeatyp Sync="TRUE">Simple</efeatyp><efeageom code="4" Sync="TRUE"></efeageom><esritopo Sync="TRUE">FALSE</esritopo><efeacnt Sync="TRUE">0</efeacnt><spindex Sync="TRUE">FALSE</spindex><linrefer Sync="TRUE">FALSE</linrefer></esriterm></ptvctinf></spdoinfo><eainfo><detailed Name="Wahlkreise_LTW_2021_offiziell"><enttyp><enttypl Sync="TRUE">Wahlkreise_LTW_2021_offiziell</enttypl><enttypt Sync="TRUE">Feature Class</enttypt><enttypc Sync="TRUE">0</enttypc></enttyp><attr><attrlabl Sync="TRUE">FID</attrlabl><attalias Sync="TRUE">FID</attalias><attrtype Sync="TRUE">OID</attrtype><attwidth Sync="TRUE">4</attwidth><atprecis Sync="TRUE">0</atprecis><attscale Sync="TRUE">0</attscale><attrdef Sync="TRUE">Internal feature number.</attrdef><attrdefs Sync="TRUE">Esri</attrdefs><attrdomv><udom Sync="TRUE">Sequential unique whole numbers that are automatically generated.</udom></attrdomv></attr><attr><attrlabl Sync="TRUE">Shape</attrlabl><attalias Sync="TRUE">Shape</attalias><attrtype Sync="TRUE">Geometry</attrtype><attwidth Sync="TRUE">0</attwidth><atprecis Sync="TRUE">0</atprecis><attscale Sync="TRUE">0</attscale><attrdef Sync="TRUE">Feature geometry.</attrdef><attrdefs Sync="TRUE">Esri</attrdefs><attrdomv><udom Sync="TRUE">Coordinates defining the features.</udom></attrdomv></attr><attr><attrlabl Sync="TRUE">Wahlkreis</attrlabl><attalias Sync="TRUE">Wahlkreis</attalias><attrtype Sync="TRUE">String</attrtype><attwidth Sync="TRUE">254</attwidth><atprecis Sync="TRUE">0</atprecis><attscale Sync="TRUE">0</attscale></attr><attr><attrlabl Sync="TRUE">Name</attrlabl><attalias Sync="TRUE">Name</attalias><attrtype Sync="TRUE">String</attrtype><attwidth Sync="TRUE">254</attwidth><atprecis Sync="TRUE">0</atprecis><attscale Sync="TRUE">0</attscale></attr><attr><attrlabl Sync="TRUE">Shape_Leng</attrlabl><attalias Sync="TRUE">Shape_Leng</attalias><attrtype Sync="TRUE">Double</attrtype><attwidth Sync="TRUE">19</attwidth><atprecis Sync="TRUE">0</atprecis><attscale Sync="TRUE">0</attscale></attr><attr><attrlabl Sync="TRUE">Shape_Area</attrlabl><attalias Sync="TRUE">Shape_Area</attalias><attrtype Sync="TRUE">Double</attrtype><attwidth Sync="TRUE">19</attwidth><atprecis Sync="TRUE">0</atprecis><attscale Sync="TRUE">0</attscale><attrdef Sync="TRUE">Area of feature in internal units squared.</attrdef><attrdefs Sync="TRUE">Esri</attrdefs><attrdomv><udom Sync="TRUE">Positive real numbers that are automatically generated.</udom></attrdomv></attr></detailed></eainfo><mdDateSt Sync="TRUE">20210129</mdDateSt></metadata>
